,r2,MAE,MedAE,MSE,RMSE,MAPE,MDAPE
0,-4.787005264047613,48823.608239559275,46826.28775093536,3216877974.491824,56717.52793001317,20.588534110824714,18.469817717651356
1,0.1594652689168109,70813.56617281174,61666.15294546215,7404324824.707614,86048.38653169281,13.83982199205635,11.047555877189879
2,0.3286763102414564,280375.38460566755,241907.09104681062,114439577560.29225,338289.1922014244,12.627816840259356,9.92519402922066
3,0.48014653278589425,29793.064624364284,27376.264889294514,1310027329.846226,36194.29968719144,13.129185614559931,11.679448873335438
4,0.3705707311416111,40724.5553967709,34599.02759276051,2520331167.5184097,50202.89999112013,14.007067138893062,10.599561173553024
5,-0.7574284855695474,22162.589498358087,18214.52667022677,749218315.3420507,27371.852610703037,11.851097890267729,9.874743205146935
6,0.03686498213755629,91868.04526560614,71027.5147516611,14238740297.552542,119326.19283942877,14.384451526293057,9.437191882330735
7,-0.4405015157840193,59075.72526023698,49018.39829776267,5411336148.083566,73561.78456293435,16.6560328332401,12.172671868243158
8,0.5880897884900528,88421.38524581929,75291.1277014676,12153179602.934935,110241.460453565,19.18696381357861,13.894664604605625
9,0.2124560129799159,83830.29029661903,69708.64429727662,10513462268.115427,102535.17575990899,11.796791897501409,8.94070519061067
10,-0.9012613000981784,27919.00418620321,19834.057564234652,1354096673.9532382,36798.05258370663,14.674065894614191,8.8591964321379
11,0.396535440837525,61722.52051956805,49620.70052856405,6195874185.349488,78713.87543088886,12.77114441025786,8.95406396772672
12,-0.07762729146998515,86330.36251414423,72345.49484667322,11540472948.216707,107426.59330080567,9.501307570882075,7.510123391626763
13,0.25493557511482434,72709.6069095674,60136.12817761733,8552665798.638469,92480.62390921933,14.669070334758235,10.008308206627936
14,-3945585.0907312715,171395382.354798,142447285.57715407,4.1879704787136296e+16,204645314.59854215,17788.204106264264,15222.285969028693
15,0.17398571129384222,53575.67390246766,42804.1413304474,4662265077.714399,68280.78117387352,7.493790729526706,5.806951697106366
16,-1.5409185794124682,96158.63303796935,92458.93395737954,13025326677.642305,114128.55329689545,13.322892245868715,12.28483818841067
17,-7.495925532392805,613547.030536432,589871.2961884653,451294405293.43933,671784.4931921541,24.9349279516294,22.22552927202748
18,-4.0155528342592515,64076.842898850984,56219.878878655494,6384004019.664006,79899.96257611143,14.491797897488661,13.040474300174187
19,0.660736823538389,113461.35007527473,101810.01891685068,19179176284.1316,138488.9031082693,19.86021480217985,17.089444263790103
20,-1.8373537506061792,116798.48759333784,104271.94892596046,19776000474.64594,140627.16833757955,13.088615001092224,10.83359687177827
21,-0.5389568519222538,48511.01141743977,40118.426375257724,3625551726.6836843,60212.55456035464,16.29711129690517,12.015419130814621
22,-4.484217793340531,53182.2131458747,51860.64542777874,3674998744.7538824,60621.767911814335,30.727012320512774,26.265373601465676
23,-2.585395838221345,89777.97755760445,84906.69790374464,11744629654.158415,108372.64255409857,22.068481842109115,22.196456473357316
24,-4.0180625764562316e+23,1.0897762087836576e+16,40728918800.99715,1.2715205187315359e+33,3.5658386373075492e+16,2256802887220.743,7707335.035755444
25,-1.8948896307203866,58670.84077493809,50560.2501085219,5312670057.418274,72888.06526049566,11.379699547843646,8.961602666505526
26,0.11468137275872858,57001.71950172018,45229.26751045487,5265866740.209417,72566.29203844866,11.222597457659656,8.630513279284118
27,-0.4066208510619911,73887.73145963246,57735.01053267415,8617394294.195694,92829.92133033235,13.224808792231965,9.504873221405182
28,0.07922355505852385,72021.80782473428,63526.229789037956,7758472780.490261,88082.19332243186,11.894190693655938,11.132095563723764
29,-1.3186666416407173,73516.54290297677,61125.24908186775,8549245480.637144,92462.12998107466,8.272389269001287,6.6244600016193464
30,-1.5612410601559894,132039.33203652588,119743.03176148818,26487952952.66944,162751.19954295096,10.697206845385434,8.911815625830187
31,-1.8196693008772384,149575.68941906706,130446.29934730404,33287800916.699883,182449.44756479774,12.616034626843803,10.614852816061205
32,-0.4616557812399473,48518.02764444029,39548.32837825507,3786352387.493085,61533.34370480029,15.420039037949676,11.085479172545535
33,-3284.3231622623257,3614944.9529135055,1721590.3766847113,24849934060571.434,4984970.818427268,339.4964633426521,159.7415298459001
34,0.08925963229792544,51141.148918532854,42427.88403602154,3982641243.3948927,63108.17097171247,12.00609094138992,8.737603325939787
35,-9.269106804482803,152549.74478812417,150941.91574636346,28590873532.11223,169088.3601319506,21.011208971826896,19.535275961209457
36,-1.2164950273689583,4473651.876531402,6780405.199845249,30339833273877.09,5508160.607124405,6299.335644585006,8645.18683171684
37,-1.7827582621723264,132427.3000924461,114552.07903799566,26852278747.414974,163866.64928354084,16.547998546169495,12.364747891211266
38,-1.3553517339198828,206334.43738344393,194912.71491411095,61134850355.38954,247254.6265601304,16.411893883121735,13.866775112949467
39,-2093.114899070185,62701.28958627281,56344.014549563486,7048955164.879869,83958.05598559241,1498.7951638847899,1066.2228501802683
40,-1.105256634688908,214218.95177324678,179703.6747091068,71983235563.55168,268296.91679844493,13.84498381326009,10.657539622908937
41,-0.35262857137452275,59654.959728387774,48350.73512108711,5358659282.320713,73202.86389425426,18.119133566201068,13.298984582930284
42,-0.5742103886165071,368842.8788769054,289160.2301160442,221168978667.98035,470286.06046530907,10.245024523245263,7.428740757953133
43,-1.328866323283997,98210.42315008976,88276.45309482247,14142884612.686865,118923.86056921826,16.99306482121088,13.843515794800968
44,-2.8622288236168156,190446.4962726488,183306.28224002733,49944392526.058716,223482.42106720322,14.422526147218756,12.718681717146355
45,-3.8249444111492554,48545.57973036801,46765.45420557872,3191909742.6045938,56496.9887923648,18.044429639126605,17.274246876767833
46,-1.6588128579264314,98728.9995025148,90336.45130309148,14068866607.273912,118612.25319196121,21.023463712447032,16.967157900311584
47,-0.721969347498735,225040.29803339977,177522.3677615961,83249606634.52162,288530.0792543502,19.514739736992066,13.123099719101466
48,-1.1377172460554261,92586.21729431517,71869.8732219981,14398478766.46551,119993.66135952978,9.84466269963923,7.040845214163653
49,-2.5396249514864895,53528.4744311576,50437.84604937164,3937580688.472955,62750.144927903995,21.47059731790445,18.965916509053798
50,-4.185675926169035,60484.4986774155,59678.50938504428,4797536922.087773,69264.25428810863,19.54923393862689,18.04054568213135
51,-1.3611190027076985,36625.681703184135,33345.07090785669,1998047983.7161071,44699.53001672509,12.506543117300037,10.756077784724214
52,-1.8477075566917374,107824.62627034314,98186.35707531241,17144723638.832352,130937.86174683146,19.200072642181432,15.695574668060589
53,-7.045792631222365e+25,3.606580283084128e+17,4.0670284253264486e+17,1.5211375528338054e+35,3.9001763458000275e+17,48916481481415.79,54052132968733.11
54,-0.2182613462292795,122608.7072346822,95260.46682220232,25794670865.159904,160607.19431320598,10.45341364102759,7.3487130330486465
55,0.02539157208361964,84454.64599103548,63754.65043170948,11636480154.453512,107872.51806856792,17.06284942945368,10.346414107689087
56,-0.33730068123250234,121691.55710557995,83493.82526760804,26471818898.488457,162701.6253713787,10.90377496830592,6.345897137581018
57,-0.6099563441479794,46057.188410922914,33747.51381672057,3682620424.1146297,60684.59791507751,17.723084948172012,10.857050787948774
58,-0.6095365574162992,83217.308113539,73319.8089603642,10305932740.243504,101518.13995657871,10.406986167753233,9.111539989099496
59,-0.059785637348968024,131265.19281636225,117522.71699942416,25109867209.60605,158460.93275506757,7.881103183456334,6.980583394937306
60,0.18213567427806443,63608.17849774784,52498.8244647854,6628881762.082582,81417.94496351884,13.331254653112707,9.185804881347009
61,-0.3603779637662079,160009.47252211938,117937.50237755047,47093260583.11358,217009.81678973322,35.227797465744686,16.201481826382224
62,-0.08338054574577747,38631.86345641771,32520.29111944983,2424765891.673932,49241.911941697916,12.256493765080236,9.433111098046815
63,0.40594316734107416,71500.14330480165,60709.486674815416,7783972745.657132,88226.8255444858,11.924731557202445,9.148619776636687
64,0.11721909241171813,74837.74962687075,65896.05637498235,8543526302.898676,92431.1976710173,9.619826978629268,8.016179031222997
65,-4.3294918979522e+23,2.180243505083315e+16,160891241786.00656,2.4065873116575773e+33,4.905698025416543e+16,4716174477203.655,34512238.28643644
66,0.25505021787345905,92629.81004184367,77580.8387262465,13214188666.725773,114952.9845925097,15.595292678292328,13.710906521755877
67,-1.9458339454961249,223332.92223505874,182600.80338469613,79357679668.56464,281704.95144488435,16.684157868163496,11.740340904686343
68,-0.4083362931487735,130193.50427422355,114417.39511081437,25094089901.03103,158411.14197249836,9.023964551212059,7.843668634158414
69,0.5629465449879476,65673.04331416477,61285.76281342341,6189581658.389522,78673.89438936858,11.886255958651839,10.723862348904671
70,0.3638602585114433,39021.930666768894,34823.01355914888,2311045367.4942894,48073.333226377064,11.032112390462652,9.215653100072858
71,-0.9926033175610116,40107.422032361974,36141.57040036842,2381801313.3482404,48803.70184062107,18.692007351306756,15.163082118391891
72,-4.250124943678008,131360.35261593363,123834.76346170262,22475223779.93952,149917.3898516764,34.821224431701296,28.87577780483972
73,0.006329751765808522,72940.51679138238,66297.11143902922,7879290746.887996,88765.369074251,37.94109860048625,34.8159333801352
74,-0.6742633087236833,129022.17092287164,115521.67418693821,25009828696.81083,158144.9610225088,13.77487444960257,11.160626814154554
75,0.25586883012826356,81037.81945990467,70821.3057597432,9792812778.875832,98958.64175945339,14.740204918360513,11.145088229393583
76,-5.376366844338292,72310.8098837801,69350.38683916716,7398568968.239066,86014.93456510367,19.717108064346295,18.404979001586046
77,-12117.425547709532,13549525.986543052,9796656.180479627,259809300794815.66,16118601.080578167,914.2248607245776,658.5841242163789
78,0.28934944596121404,28234.939902079703,22357.36853739302,1281248165.3734431,35794.527031006335,13.327560086657602,10.182394747867777
79,-1.6679633856507867,1179997.8995749056,1740690.5262672391,2113558147446.6401,1453808.153590645,3813.3666829910835,4899.388253920547
80,-4.51007049493852e+24,1.0836449966852808e+17,1.2044736236629163e+17,1.2835981318421235e+34,1.132959898602825e+17,19461747209985.066,20723111187991.492
81,-4.427009771727609,231148.6381128199,218658.0828846763,70962401397.37234,266387.6900259701,14.91405072433096,13.737209804136144
82,-0.5976446028174403,65571.31820851554,51865.66751213488,6827092096.836713,82626.2191851758,12.018028523927086,8.679443149326072
83,-1.069304998878283,77557.33130249471,61179.639132042066,10354769120.606033,101758.3859964673,12.626638083808455,10.187939900915309
84,0.13362163986021236,76447.11118455508,71371.20865294838,8290229643.610105,91050.6982049567,14.261546776608675,12.589214690919718
85,0.6127384585003586,187931.19293920958,176970.74380841153,52515100046.81566,229161.73338237705,10.657746797809933,9.82162402953989
86,-0.0882590135460628,149620.69098275452,131017.64337571594,33385475950.823227,182716.9284735906,8.199955541246581,6.898213473564878
87,-1.3370960305567983,83325.42965354423,74714.66598911153,10212818098.467453,101058.48850278463,14.247240642471867,12.179099429316867
88,-3.1423629541957814,163280.4114877098,150568.80803181208,36933381487.35627,192180.59602196125,12.103798130058486,10.56314089823411
89,-0.4558433413396834,60219.47296016234,44021.76742857159,6160288193.928617,78487.50342524992,13.797877604177128,8.685566370893525
90,-13.617549016355547,76899.18708042648,77483.32837831386,6925669940.309351,83220.61006931726,36.2912082017824,35.8756872358647
91,0.45682068143275156,41227.21280143727,36659.47776158486,2597481578.041258,50965.493993890195,15.198286516686357,12.73093323275874
92,0.38031348382198327,49234.88099581362,42729.139286608726,3616624113.7096977,60138.37471789288,16.4165429803015,11.785292316447007
93,-0.2700734726990206,47850.15625246055,36945.686925779446,3817995374.3653064,61789.9293927846,14.30927287035659,9.570200064982334
94,-2.3393898832051745,184300.27091383943,160828.85619793623,49034918344.94972,221438.29466682073,21.11502576551287,16.491432178561286
95,-2.4186103080481454,67763.39074137583,61534.66130893794,6735806175.880627,82071.95730504194,17.44610530927629,16.236470810808925
96,-3.3305660056572766,69361.01983765262,68297.77368711872,6239449569.30016,78990.18653795014,19.482320882541437,18.013755450344693
97,-2.1051013055693333,131861.7923432626,117193.26306621917,26542557161.86726,162918.8668075839,9.84218812025841,8.286137791711633
98,-1.955660060063321,85786.70353735397,85748.26241851551,9458791356.987226,97256.31782556456,16.388706170171613,15.47840990343461
99,-4.9093790985779567e+27,8.002833499397402e+17,199973605714965.94,3.187606741659613e+36,1.7853870005294687e+18,337352595094411.2,74104918896.93015
100,-0.02097699725664981,49211.229175697765,46851.45599924831,3453989410.916717,58770.65093153824,10.172514774467462,9.740114716790066
101,-2.2645897366977703,90989.70488539424,80511.72562011471,12412081020.0583,111409.51943195115,15.154834320852162,12.657633657634785
102,-0.4949323862003179,63652.07851603524,51620.142355524935,6998523290.781402,83657.17716240132,10.694179278441583,7.822862994022146
103,-0.2978503579587526,76976.67766829075,67598.76694757107,8779008559.252413,93696.3636394306,8.168886381330278,6.905738860462132
104,-3.7468900539485626,53149.651031979054,51648.653578192985,3742963768.212262,61179.766003248675,17.694684840523006,16.120295362231047
105,-0.38259493874606076,111424.96542508889,103206.37413572066,17981895915.30803,134096.59173636005,14.745671426634466,14.814581520141468
106,-2.7131439432425553,70533.60832861523,62753.588100669906,7343810427.16374,85696.0350725968,11.970272978495087,10.028424302414654
107,-2.6392895495917228e+16,7218209057504.033,3343338152585.6294,2.1321307845519483e+26,14601817642170.266,1195333960.1756604,552874584.6881031
108,-22980054377.266113,12821329615.171276,11926416302.681236,2.0396618563067684e+20,14281673068.330503,1051935.3623107108,953790.7165271835
109,-2.936730585590207,64237.06861255243,60315.47765595536,5569663387.554765,74630.17745895265,15.105595343876022,13.692448138603316
110,0.19596423351293746,63683.15034313769,48263.530801044544,6855474971.0120535,82797.79568933012,14.670062517714392,9.091193475963118
111,-1.5322708706065487,192601.0230538684,175373.40838768496,54721245162.334625,233925.72573860837,14.439346354175466,12.391315848875033
112,-5.935535311670141,114980.96279668197,107363.65098154359,18454571329.684685,135847.60332698066,16.69381364054833,15.332143780494329
113,-0.35847747029738475,28846.0295274152,23383.577630813117,1368611585.8507411,36994.750787790705,12.03058403775436,10.502301525734815
114,0.38065324873487427,61512.752793417254,58473.7488318485,5496994819.233527,74141.72117798134,7.41269854075724,6.634000028660804
115,-0.021977436177986753,98458.95167800279,88029.30918973219,14903607782.54786,122080.33331600901,7.345968971307004,6.446638724537588
116,-0.10741121505755347,62964.410802106366,56139.24491279235,5680825172.885698,75371.24898053434,11.022266171102236,9.78010057386578
117,-14227852.57329611,154790679.2665174,130606289.92087644,2.874344812756925e+16,169538928.05951455,21538.851482454294,18450.797801793764
118,-1.0108012190649527,56770.638924408115,44683.97635862732,5271436138.190499,72604.65644977945,12.120489793823877,8.483408013834113
119,0.41837215355806134,96990.57477932765,84883.5901631196,14245045870.71716,119352.61149517073,18.92381803957013,14.004347650107931
120,0.12347090900532953,69347.96092310191,61866.74605135713,7048885913.367435,83957.64356726214,8.589167910405619,7.429199144214568
121,0.12885774886924917,102001.5569002239,88656.31695572613,15128513385.26954,122998.02187543319,19.50245384808135,13.169236569842527
122,-0.9577388036613754,45611.74222883318,38871.45489619789,3094105340.3713574,55624.6828338945,13.680417112457526,10.878757754256137
123,0.40826114402009683,46454.56819748192,41817.857642243616,3229601811.24639,56829.585703631434,13.248363504798588,11.26821497992001
124,-2.889057009900524,175566.2012771606,169519.28149995604,42424880448.68626,205973.00902954797,15.84526526487912,14.496776990229074
125,-0.5059011140516965,42265.31450650144,34389.11860234139,2926367544.60153,54095.91060885777,13.75322361610028,9.687200283880383
126,-1.4983770090648014,41197.44366396382,37867.94671615324,2438489253.541498,49381.06168908784,12.651841179388136,10.999395756015934
127,-4.920865219272523,221007.6313734674,217025.84472906147,62193904729.61459,249387.0580635944,20.22760763214446,18.152717747048357
128,-0.09536072661671735,49676.19736629044,42472.86883488984,3917362831.903567,62588.83951555235,11.32750718847709,8.736952448234137
129,-171546.8766296117,19558597.403889824,6518164.482039003,669526303406896.2,25875206.34520421,2756.356149006244,890.0875429177152
130,0.3379627369414836,42357.65281426279,35107.69167824992,2759174130.5171447,52527.841479706214,17.486435033610125,12.49733755385803
131,-0.20531217603050056,105733.34991527267,84491.43441983755,18100027501.010178,134536.34267739768,20.051306757575446,13.668771386049091
132,-2.0712677157184194,143382.30941075052,119374.53080729558,31332112605.61176,177008.79245283766,13.305072473553725,10.410650109602301
133,-3.1543508931193323,115343.31655357502,114768.77011785249,17625728924.730377,132761.92573449053,14.55660264343918,15.117709287099181
134,-1.519841437470578,64836.08385461071,45960.38788105012,7441145726.937568,86262.07583253238,14.184466511343311,8.792022948028817
135,-9.29862733850195,176331.6541400179,175994.1779443333,36573879265.59195,191242.9848794249,34.90472701732207,32.06520356009322
136,-1.3370720244309084,216519.72329799362,181633.20759570273,74327734021.1907,272631.13179017307,12.713007856043944,9.961720235535765
137,-2.9373766924637477,86617.86664714887,77584.20892216964,10160264567.959764,100798.13772069286,18.119554495243325,15.190319939710575
138,0.0405893713990465,201062.0230762889,188063.1935326946,57855540059.97061,240531.78596595215,8.794521514102579,7.9145493896386006
139,0.01373560296172549,87578.53218490095,81606.14492068533,11120825418.498138,105455.3242776207,10.519287512250433,10.472560164727446
140,-2.7452042478379717,287266.83948608313,267734.26943432656,116548099381.1622,341391.4166776344,19.87501644464869,17.153443138364214
141,-0.3917234378014931,51313.43150977702,42331.243875055574,4156615705.539333,64471.821019258736,8.254910842546979,6.500283725281353
142,0.21573234040355393,482945.57663793454,420627.3620759379,345546292481.9832,587831.857321448,9.897344467032541,7.824818712147787
143,0.11680324562455335,178362.29635491935,137882.2264759643,53652326731.26803,231629.71901564798,8.50490731418844,5.908124809550052
144,0.2487949776310825,31652.112004456434,25175.841890849464,1553301532.2099555,39411.9465671255,11.40731437790197,8.940403999568096
145,-7.825119321917864,226902.65314541414,224066.79223418212,64248625041.32429,253473.12488965035,18.04637196607043,17.752144962029966
146,0.09540020216528777,34294.94430803795,31817.263760188827,1687060329.6589327,41073.83996729467,13.66704175310535,11.989939910231223
147,-0.08418512721866978,67995.7934535434,57965.10164730996,7283307569.811366,85342.29648779886,10.600865498224964,8.40537722398346
148,0.09763934261107376,475281.9716412337,405677.05814140476,341058670655.70605,584002.2865158201,15.301597772163253,11.473549242273833
149,-0.6481604168432291,103815.83849618296,95487.17029125884,15890707666.315693,126058.3502443043,12.733899670374097,10.9062832983655
150,-0.5053448334828805,19893.990569685542,17569.53323455536,603251532.7551877,24561.17938445114,9.363896682484212,7.912456021045484
151,-0.6993787399705291,23746.98376788955,20221.950218305108,857856789.5258746,29289.19236725169,12.01615696205226,9.818365477653773
152,-1373.574703725674,286876.9520538203,199961.0355768348,131147617340.1629,362143.08959327516,1123.156360897188,842.3256935348765
153,0.4479754214128313,56993.259153617575,41554.902402183856,5400040661.944281,73484.96895246184,10.963627757185774,7.510382327524039
154,-0.5315665028043022,195089.66765447246,173544.15436035185,57737018955.77211,240285.2865986016,11.446904741696901,10.119647025572101
155,0.16233624279845482,20123.061278872327,15691.77850849295,687508632.2581753,26220.385814441695,13.919528271667915,9.575105593498376
156,-0.6313325474960498,28058.02904851727,22495.970352827862,1294896585.6593642,35984.671537466675,10.762959360778352,7.741972466096792
157,-2.547779753281351,86640.83350247635,77509.93719997129,10996378542.083603,104863.61877259244,13.894746575290846,11.81104326531182
158,0.204861999960122,138258.3345283891,119321.07420260739,28970104445.37902,170206.06465510864,10.770133850052972,9.778019350810434
159,-11.152837010413839,78731.67306789999,75555.76019825955,7056675078.942886,84004.01823093278,35.508057551533206,32.10219976085681
160,-10.881696953960152,62962.599188886554,63324.96662550169,4834249908.499463,69528.77036521977,18.454265343668787,18.71767882418289
161,-11603849591.85984,15557054419.576267,9571375877.267164,3.385117686539909e+20,18398689318.915924,1227450.8102291652,729461.1326997876
162,-3.1288901449891364,50338.81668915874,48299.32966629171,3314030777.4833717,57567.61917504815,23.6554130220994,21.06368686567144
163,-1.5491759671376641,30767.531355325267,28498.783598835988,1334101567.8287501,36525.355136244056,12.727101018946954,11.395676769835196
164,0.5094920874028108,50062.69957887429,41269.28612794925,3819124345.4610558,61799.064276581536,8.943689695372813,7.40216352976045
165,-101290007675.50919,10819333310.684008,8130149923.842274,1.5592143392693974e+20,12486850440.641136,2722012.48656463,2025824.4038089623
166,-1.0015210197883224,203821.07895782456,192206.8915401504,57273703527.32195,239319.2502230482,11.043116523158943,11.184072630706272
167,0.2907785137959562,71093.64776785298,57464.918497335166,8061757859.610531,89787.2923058187,13.248004198223724,9.370509613818347
168,-0.9709060870709625,115355.30013965715,94023.85799574503,21272229536.023533,145850.0241207506,7.811179784440498,5.950513413048107
169,-1.7892101096888178,96940.93483434361,88901.15608328814,13827358876.440653,117589.7906981752,12.497750826521424,10.970922675301814
170,-13.596200118681551,263103.2838533797,258517.09626724455,82526649498.3814,287274.51940327283,19.205325743750645,18.430414844818323
171,0.4210404235756354,36712.76423487661,32150.65949218045,2023343771.7426238,44981.59369945249,13.952257761786033,12.233192124744862
172,-11.451591686826694,253793.6674091903,249592.71926947986,74344811068.35002,272662.4489517213,29.24303746374262,26.66090693450107
173,-0.47421620173230306,121809.92883581134,104923.12193243369,22168326809.273502,148890.3180508172,10.040589500013782,8.19758652421863
174,-40.345181858279325,478035.6009495174,358334.62347109336,377735351540.9204,614601.7828976095,50.44610971951361,37.318843811315276
175,-1359132909712165.5,6118270326664.786,2447543432013.561,6.716159791673579e+25,8195217990800.232,325240078.60084,136128768.76294166
176,-2.7310979779817637,124077.3076494565,109531.25816914171,21844804150.77221,147799.87872380752,23.98500170177411,18.101715734944065
177,-11988106.446218463,4060995.1288675736,1683477.2269144491,30201198562353.836,5495561.714907207,173509.89790010505,76028.65337917306
178,0.19754311446773687,97273.4921899373,89431.66655463097,13791552233.66617,117437.43965902088,13.87777052294375,13.114324462816018
179,0.3910226651918267,67904.25613846365,58732.275589964585,7401002173.0964,86029.07748602446,12.935812292928972,10.435143246304055
180,-0.02832431853099404,117842.46425449652,99783.55421711039,21867055535.952705,147875.1349482147,11.203423779376662,8.930321422391339
181,-54.79920010914103,714266.5753465197,603348.4244589794,730099273273.936,854458.4678461184,61.216470106063966,60.99354561758241
182,0.32375407839723114,193581.47634989463,145134.24586601043,61531591561.21791,248055.62191012304,15.958661311674563,10.25702658467643
183,0.1865131168773131,87071.80745251142,75607.74790823873,12059397178.203907,109815.28663261735,18.106876734300744,16.22520220430202
184,-1.2599359806751553,122596.54213079326,110506.76152407471,23324315994.563343,152723.0041433292,13.660956730626635,11.52442209592683
185,-5.001027520380543,244040.10661038902,194400.1333178042,91471711264.64754,302442.9057932216,29.218176248998027,22.13938523140144
186,-1.040062229619322,98528.0601891575,85224.1261598058,14917252733.394724,122136.2056615266,9.142476148777893,7.422336068806497
187,0.6844802234350373,76572.95751565087,68426.00395756098,8481890419.866196,92097.1792177491,10.408830697929032,9.243823963960894
188,-0.04116654772908879,35950.98664649987,31877.09479865816,1978678144.0362298,44482.335190907295,11.764512601722958,9.439247752744675
189,-5.493732899280869,85952.93609176013,81938.78130738472,9494991471.596071,97442.24685215377,20.667186367769418,18.471458142752198
190,-0.37425013231762505,99096.90232909627,88532.36112648249,14553634527.674953,120638.44547935353,10.22934404940757,8.663998614132122
191,-39.85088089229667,187914.69345060657,195318.264301509,40183407260.343864,200457.99375516025,36.59751132103965,36.57293308091888
192,-2529.0561642826606,96077.39511405963,74283.3241654454,14980716136.908049,122395.73577910323,2867.253631612418,1744.809917190892
193,-0.3345498746830833,38296.32070688371,33590.02763224376,2202946551.140707,46935.55742867775,15.499182020820337,13.23564480696929
194,-0.34722398175001534,32776.36931458844,28384.601125388523,1661210096.2196996,40757.94519133294,11.843305815530305,9.497274398566557
195,0.08881038737557256,118710.16770286861,90453.4909927845,23017701642.301754,151715.85824264304,10.031564266413133,6.921218930835292
196,-0.8325361749144624,39240.31935375148,32836.447654188436,2502711496.2200685,50027.107613973334,12.980979686398902,9.966925236088406
197,-0.7267584002082728,35825.22094488506,33520.8278258536,1840813043.7437267,42904.697222375624,15.237623010201451,12.816645024642353
198,0.3790436601926245,62332.97335173138,50228.70990805619,6174656505.547057,78578.98259424753,15.873049981119935,11.214303559933606
199,-1.3978411643260467,30687.923723259817,26522.925680266984,1328234212.4149234,36444.94769395236,21.796024633557654,21.16013459280773
200,-1.4898171909730955e+21,77614154017207.33,57021542508287.836,1.359514888494554e+28,116598237057622.53,2183858492591.8403,1204765318166.5715
201,-1.5149855324133616,1133883.2682005856,1721999.8269748054,2004412865708.6206,1415772.8863446356,10245.252906935648,13355.288173583958
202,0.5151135286851213,63777.072271819656,47419.86549096904,6764365173.929511,82245.760826498,10.820963575125873,8.442203692390535
203,0.2161192544443632,171895.0677943574,155493.36503833462,42416008266.925064,205951.4706597772,12.679032065708343,12.175772852572749
204,-3.2903150879838314,55007.14971858514,42331.92015563545,5346657307.970136,73120.84044901382,13.083427560596055,10.489288207004961
205,0.24306897551279394,199578.62973607777,171622.5250461474,61343207418.256935,247675.60925181335,7.8149782112415,6.014004401031054
206,-3.32802664983336,99199.59974451593,92552.18962443015,14017080637.054472,118393.75252543722,18.99286725550832,16.960682207857936
207,0.2035051068767999,114798.97155463508,96117.23856358405,20387967029.159355,142786.43853377446,14.203378322013757,10.732076338455188
208,0.13565215315078727,95948.03798969762,80866.93414767145,14448741529.171389,120202.91813916744,12.06377532038102,9.343689104910236
209,-1.3684213193812584,513543.1041336207,780892.4306858997,403939343695.1824,635562.2264540133,5947.478197875584,6493.000479448186
210,0.6574443931974729,211410.3196280843,185844.59510858892,65540635661.636086,256009.05386653045,13.029435701529493,10.71931022462022
211,0.2975126466195881,32650.634140145692,28213.777688043163,1606530321.9947784,40081.54590325551,13.945505077477375,12.340537636245395
212,0.07427968249473427,38164.57911715699,31120.96780890599,2377558588.125092,48760.21521819907,11.457020530420428,8.471720343090618
213,-2.707153608028244,232659.3646576785,225728.75294410973,71773393316.70381,267905.56790911197,21.187763046039628,19.764087041850384
214,-35.365225202367455,86365.7796237863,92647.01667084586,8957066949.963036,94641.78226324267,61.00833499091098,59.57588789272504
215,-0.2017709204787359,52774.159035565826,40800.795610793226,4729689472.058607,68772.73785489863,13.48835131141545,9.343651554099472
216,-5.244476360909746,77407.67436359455,59509.49421417096,9673691969.851612,98354.92854886131,32.192065997804534,22.776661364763033
217,-4.104399995603462,78060.030679566,76357.85393779882,8271566267.328911,90948.15153332645,21.352917265267084,20.454416412790025
218,0.3395745797551556,49050.10744079913,42148.73781278159,3632506814.7328906,60270.281356012354,13.376671078152116,12.200992722887262
219,0.284516506041826,56410.92142748091,47525.50119641516,5033044700.603918,70943.95464452147,7.636252296542621,6.401774179667627
220,-3.8517338075824545,243865.6548916157,232814.0176462836,79531441158.75133,282013.19323526573,17.527467206380344,15.824516045927128
221,-1.60810311483683,52785.963925536504,47962.04282968986,3992012275.718925,63182.373140923766,14.91908767578203,12.952243676315819
222,-0.7876113483899836,52778.70370596619,48008.177802981576,4161927781.5284705,64513.004747325715,14.838708052764826,12.291842986977992
223,-0.31678403965058366,39762.15095857312,29700.04116508056,2862550904.668333,53502.81211925531,11.297749989295681,7.662808468601824
224,-0.07999539058715732,45446.02509289834,32657.707764735213,3726779761.090787,61047.3567084668,12.491543154162082,7.738354923367674
225,0.4517196158235044,122408.3826954209,116618.76489920216,20924596989.498432,144653.3684001117,12.293042560954751,10.910956007649423
226,-1168.0780120113022,89463.74846425386,51106.9912116123,13907101920.86569,117928.37623263407,1425.9947635409083,907.3901412797214
227,0.105790436346197,97356.33642130272,74466.94419626938,16270589108.761637,127556.21940447137,9.368722647954165,6.595433339684176
228,-1.5735530833266829,210292.49715866643,199572.80024393555,63563271817.805305,252117.57538459176,14.75952231854368,14.157681313281206
229,-2.9105886218807933,194135.23034572927,183411.52087439492,53336679911.55106,230947.353116573,25.175291780319515,20.506492841855234
230,-1.3739889663517122,151405.90925535606,124284.06398735754,36140312753.76997,190106.05659412846,11.089654695334021,8.341509291723174
231,-3.062476134118091,51488.10479197404,49108.09147625347,3619962493.3435583,60166.124134296355,22.71788307554275,20.045991164107555
232,-0.1353972314193912,54403.20809761556,46052.77848782693,4594481695.074686,67782.60613958928,9.056956913303834,7.2453660000091595
233,0.5357356147975743,122333.54765953624,101186.22503414331,23547717571.848476,153452.65579926752,15.7766615676223,11.91601964428886
234,-6802680592590.284,189194279774.14972,218460425107.88013,5.368387301042364e+22,231697805363.84808,23900880.69599308,26582194.373535093
235,-336501939725.9098,1262028871.2306232,1034944104.8211081,2.386652859198863e+18,1544879561.389451,37791683.51684262,24294487.413641036
236,0.0654032313553049,35219.36053044363,31243.88363914285,1913369267.6469364,43742.07662705254,13.762783916641819,11.323067866873862
237,-0.05439102284152808,27353.64566025986,24068.716197617003,1303816034.7773132,36108.39285785665,11.275765970474428,9.793413775115937
238,-0.06537310438719302,37915.51668128368,31000.858448143757,2359481532.0877366,48574.49466631369,11.831926418476591,10.478807424522344
239,-0.059642214032358476,119074.15866728176,124227.80290758458,19721817325.926743,140434.38797504955,15.388322447162178,15.384588756045678
240,-0.16427327847125417,114451.6773036747,89871.89764056879,21703652220.090282,147321.5945477454,15.016514372640255,11.077950464266262
241,0.272002226541871,75139.8730747199,64250.47978805902,8557739054.557109,92508.04859339056,19.08959249654602,13.672601287570574
242,-0.03270572148104223,45114.64253492802,45130.60609282131,2491954786.0441914,49919.48303061833,19.43265152687144,19.534691596022725
243,-0.02100772345338231,151005.5780768146,131623.6014002586,34677190381.08288,186218.1258124001,15.917537555907208,13.382834469539798
244,-0.4993737831020242,47359.03493763817,40185.32896735467,3556111985.9149113,59633.145027869454,11.488417510471463,8.863024678642931
245,-1.5726665380388778,36626.24740919312,34601.501499545266,1891820913.9406018,43495.067696700986,16.861336948275746,14.805865068540522
246,-1.8929612022354423,91854.38363491988,81052.42623920727,12405788757.080486,111381.27651037443,11.107314266937838,9.590985769680568
247,-3.1551723788447745,103542.72236322552,100228.49148846813,13913161062.743187,117954.06335833958,24.312658989592638,22.311853213236237
248,-1.5948579058166872,107287.73854898138,92915.59572803695,17178159870.8719,131065.47932568629,20.28958167802002,16.743979830693856
249,-0.12811349958769513,30252.610373652245,25753.796800379117,1419701748.0198781,37678.92976213468,7.995127879255513,6.608557326896062
250,0.42665911816251,115520.64402465257,93208.12710643653,21754139014.557278,147492.843943553,7.455334555213226,5.707147215797956
251,-0.12372584929405761,47036.082220745295,40515.47395780205,3392117945.7411284,58241.89167378691,11.250580756478046,9.791673749832531
252,-0.5322423932364193,33105.30499155968,30216.28770372091,1568187869.9919841,39600.351892274695,12.505914621572042,11.14700122983311
253,0.387292959659836,199201.27962305647,161242.94333767053,64216125106.7101,253409.00754848888,10.138690094909782,7.455926360633075
254,-1.5163063257044929,943694.0147541929,1414504.9872381897,1380893427790.5022,1175114.2190402183,10187.301193560139,10455.497985324268
255,-8.33623381141073,234224.89663749805,234880.87580880546,66150315762.8437,257197.0368469351,22.786286832029905,22.11553804047877
256,-1.281195261145097,101760.33797863503,82124.22212923644,16356839872.345558,127893.86174615871,8.761639012621933,6.5801008837674635
257,-1.192986834997157,103210.65138311384,92094.58375438768,15623886105.44685,124995.54434237586,11.506256179982879,9.381966940853905
258,-0.32373234034084497,78935.07472025964,70052.89219054463,9403003784.457571,96969.0867465378,18.656617472412044,14.197099415837192
259,-0.009222184194408456,42550.185130249505,39704.23591306369,2713055114.7945256,52086.99563993421,12.056365126676004,10.626113023456297
260,-0.5217874988731357,39113.751381578346,35066.202538187616,2224286072.8153267,47162.33744011557,14.431449311547723,12.286214911037948
261,-3.9020660143600123,71174.96622729917,70131.40629055939,6501179086.014219,80629.8895324446,23.17499552521185,21.421828205553666
262,-7.941580305433339,80400.05673060523,76277.52355113265,8229906338.858961,90718.83122515943,18.99887613283767,17.610284403170983
263,-0.16879021803512728,57038.330375661244,48854.55933611491,4915821372.880645,70112.91873029282,13.5684051908041,11.385027453582442
264,-0.26249706774396175,355169.48605024465,307733.52502318006,181408279862.04837,425920.5088535282,20.72305912961739,16.765841489279342
265,-1299.1885611536281,75342.87109333102,60423.306242007195,8263959681.424455,90906.32366026279,1094.7495207513598,854.9652117261223
266,0.23200960272077298,144973.49108751712,140908.22772281268,30527221436.12389,174720.4093290875,11.011524687300962,10.957370253942473
267,0.5165633798150255,44827.3740616906,38963.03729937377,3026257099.272565,55011.42698815006,12.685555909868743,10.140753045868781
268,-1698027133723.828,62165720085.81173,35015980779.89871,6.344293817465943e+21,79651075431.94846,13422142.532401735,7856344.952333441
269,0.4213851674655179,177237.68478463462,168571.36054225732,42834366021.2247,206964.64920663313,12.410443431834581,11.959238272831572
270,-0.8657309632274388,40816.187221375534,34605.12472463114,2607923664.8809857,51067.83395525001,12.727490649101133,9.687409736442579
271,0.12262293907838051,46775.30636950649,38169.01399312861,3557201480.108121,59642.27930007472,14.050707758878545,10.48607477568851
272,-2.071459262290655,1137771.4259120643,1703819.0621756187,1962680325174.552,1400956.9319484993,9769.303153581483,10214.216081032742
273,0.1560907760144089,80058.1840082536,78104.81123354658,9210127090.845257,95969.40705685983,19.123900186215582,14.170152468464403
274,0.2641861588825797,58159.90915042351,47769.52799921774,5232687321.088446,72337.31624195389,15.938273303792915,11.342688380716496
275,0.12896421852136486,44956.451039059124,42659.0043744343,2527077929.587737,50270.05002571349,12.86650397448762,11.604697888574332
276,-23358.64359118174,5640074.098499937,1998599.767777967,63998655343732.59,7999915.9585418515,990.0776876822284,346.2031744437324
277,-2.246725394254283,74810.54656854244,74444.23709605413,7520748464.551892,86722.24895926012,17.675569088460733,16.222241470744127
278,-0.49529861412111087,58624.75210220408,53447.8812146791,4703118591.696569,68579.28689988377,16.332605328305014,14.445691071449303
279,-0.0011578449497793297,91006.63791678468,88694.71389748855,11353897704.064611,106554.67002466205,12.451242891531464,12.498254861524991
280,-0.14814268917812878,48807.24101199915,39723.00895606977,3785845529.6980186,61529.225004854554,12.70374499583428,9.27267314376007
281,-0.026651544432455765,48813.77644924375,38405.01836729981,4034934249.6904206,63521.13230799983,9.985445945577043,7.2360216281868635
282,-2.00760191429915,94585.64078864479,84661.64808096678,13204164865.874805,114909.37675348694,16.347673617198303,13.312988535086074
283,-0.8054223702410717,55465.89376723359,47041.760076027655,4737720619.306502,68831.10212183517,25.686045185729263,16.93587885653283
284,0.1262522394358776,20351.06426525072,14764.551136394788,747073095.1261253,27332.63791012725,16.11728941762586,9.535508646226145
285,0.3700087215262916,44967.05343610005,43227.61269757338,2829456089.519967,53192.63191006784,13.379614205377619,12.214269504965257
286,-5.628249291877719,46226.87346851092,42113.42103210275,2981063873.765934,54599.11971603511,24.881579441169634,22.765028278496636
287,0.24924355258316166,59345.442279043105,53584.64268889709,5232529323.21079,72336.22414261605,13.244768057014905,11.49129132515908
288,-7.419337684122016,80689.17284537338,76399.78635761689,8858238833.334463,94118.21732977343,24.27705164437012,22.471249822300653
289,0.21443281843905937,38713.12903209174,31751.67546584783,2375734493.6826673,48741.50688768934,11.847407802910375,8.721131130077223
290,-1.3895833798491846,53832.007484266236,47729.51227933093,4329755479.482341,65800.87749781412,16.778065936765195,14.10250712204006
291,-0.9192338951365904,40393.49635956388,32943.72950775537,2566532658.824709,50660.95793433745,15.979051446511484,14.551044832305973
292,-0.06579825072222611,16059.094853633944,11604.41074374292,449164219.7206215,21193.4947500553,12.873493208881628,8.140361367441756
293,-1.9363327318903019,21298.164361971492,17122.873051148796,706976462.8191171,26589.028993536358,22.47055839075243,16.351985977299698
294,0.35224937136376977,12862.12072354001,11089.412364316318,253267780.0414548,15914.38908791207,10.364857026303762,8.639383070727447
295,-0.7665478751908839,47574.4682555032,37664.32244276564,3642371186.1082697,60352.06033026768,15.81292722504251,10.900341155116129
296,0.01892639835501364,90800.54435916078,66501.19088721956,22737528446.084785,150789.68282374225,25.428669245438297,23.717096336312625
297,0.24861465811520445,38528.52640914196,31963.493161938095,2350865496.126583,48485.72466331284,13.890424707727162,10.285801819834404
298,-1077.5049726845136,67630.20127157499,57093.62093849573,6590938817.042001,81184.5971662236,1753.5517131003871,1228.5469426847455
299,-2.9249845756801682,58315.879309231605,54653.911189373874,4736650627.263575,68823.32909169371,21.539677759914206,19.016265681472056
300,-565.7247548391716,42247.635335958694,44327.08717655931,2418590370.4838367,49179.16602062134,3997.557100596743,1690.989612696931
301,-0.8856431762057044,85704.45859548081,72884.65139746515,11116065805.07985,105432.75489656831,12.903954195738123,10.365707613427203
302,-6.120952055809977,57988.31569239253,57499.38556787395,4016275692.4281416,63374.09322766001,23.270490017826823,23.210566595448466
303,-7.085596920314186,126683.63397653156,124623.36917323747,20035536387.007854,141546.9405780565,31.848414831659944,30.214699424919544
304,-2.9955673921206927,29132.161611986718,27176.591324604233,1154758272.1478646,33981.73438993167,23.744523594257085,19.746184810774903
305,-2.2775647717179894,87311.78384757969,81603.3986092293,10409197295.232746,102025.47375647293,24.602542771884362,20.841761334133988
306,-4.354123105066557,96369.2545855323,95202.81840090652,11787504194.823473,108570.27307151564,31.553256592663594,28.25957543711614
307,0.024672000346892986,35838.538270044904,32561.45634864841,1868821419.0124393,43229.86721021057,11.880135148434865,11.320441616450807
308,-0.1786538111661755,30318.362221632746,24289.47613769665,1459606017.4343638,38204.7905037361,14.663717320677241,10.643984240262041
309,-2.9025899299463864,43066.599448985195,41657.3276253714,2546700302.115664,50464.84223809348,20.45978955869303,18.673279520245785
310,-0.46502662165832986,24260.98266358494,22188.022487667913,852958404.1999258,29205.451617804607,12.81401450769275,12.444044106715605
311,-0.047746327738591665,10445.870589878125,8649.638947046915,166102225.57090512,12888.065237688126,13.507630500206727,11.007224112677962
312,-2.2610746348902198,50042.865691741536,47837.54354464536,3554029590.6542287,59615.682422112965,18.41376818255229,15.838513395007208
313,-1.03678845364339,34214.40193749544,30419.30615860026,1842334365.6378121,42922.42264408909,13.957119366806673,11.125058044299125
314,-1.4016531342155556,50984.05973894825,46658.67125242727,3847015568.586706,62024.31433386996,16.452647157079447,13.243487502080379
315,-3.6478913117783183,58702.980473504605,56877.667335545586,4667911113.507698,68322.1129174713,19.894965695883204,18.076195660816634
316,-2.21278729547131,73947.67273510939,64843.552761477535,8086275437.227786,89923.72010336198,16.02733629177132,12.99221912797609
317,-4.776553083870456,79768.29030469777,73429.84091158008,8477996136.735578,92076.03454067501,25.330964546088435,20.654814635885494
318,0.10953458447185827,47802.72054707032,45005.00137718185,3341095188.9308434,57802.2074745493,16.724110930553582,14.335475358818856
319,-0.18873603627671165,74478.60369400805,56425.37740705442,9464809068.982862,97287.25028996791,11.332093481411226,7.709179617234178
320,-1.9882663262125093,26160.122679567532,24825.066853129625,926377232.3105075,30436.445789719066,21.093311369513053,18.090190322362528
321,0.4194826792049142,43871.58322017717,33991.34418833535,3213527021.252711,56687.979512880076,10.08261621797557,7.520072056786876
322,-436.78608416086666,472729.8273540957,497089.65579452727,327394429928.23193,572183.9126786351,180.1429360047998,189.11097039931693
323,-4.824253403658527,75992.1037117749,76887.06454794662,7487951474.701476,86532.95022534177,26.893908408640844,25.24443434766687
324,-1.4143105288452191,27582.913909597344,23380.791853914445,1199402449.0498574,34632.3901723496,8.999570520341637,7.570572343301009
325,-3.334075004809142,61943.26657980687,59492.32206253399,5522194004.788862,74311.46617305341,15.272959403309134,13.36182974513359
326,-330726431881.4593,49897564293.10669,26057802203.069862,3.5381825648591346e+21,59482624058.2839,5541027.501807167,3115740.178092328
327,-0.8545549446185543,64220.79631341576,57415.34990548249,6258212497.622757,79108.86484852855,15.942816366180788,14.26985600324835
328,-1.322514849801494,37158.55063008645,32371.896065993293,2119898330.2586648,46042.35365680891,16.01133656167901,12.440251221490595
329,-0.2755792895691407,65262.45645270435,56307.725082718185,6589489797.37971,81175.6724479675,20.488599895331756,15.876602944597149
330,0.263718855437555,37723.37976969241,30913.799111324508,2294288170.442643,47898.72827583884,13.202140649433938,10.923830674773887
331,-0.6178063259962618,48549.85414891935,42178.895549257635,3666913686.208922,60555.046744337684,14.781833135250464,11.244942434090076
332,-1.7407114807779198,936928.6664372594,1419555.0776428247,1361592229027.9644,1166872.8418418025,20831.490713903517,22333.68619197873
